Set Index,TSI avg,TSI max,TO avg,TO max,WS-BM,Max-BM,SSU min,SSU avg,SSTU min,SSTU avg,BN% max,Max Defect Component,BN% avg,WSAS,WSIS,WSAS-M,WSIS-M,Verboten,Spurious,dG Error,dG Range
0,0.7830587170149678,0.33843963742100314,0.4489893761497684,0.6752449938613504,0.847451550501167,0.7047843773857688,0.037992953821408326,0.6164158685461437,0.19187290482088737,0.942652944577874,0.2511274946814569,BAD,0.8005155139173754,0.6646683559791668,0.7580875458033892,0.9425542187432134,0.46090192485978454,0.7635323858539255,0.6039970082923897,0.23489399839131675,0.1792724818906234
1,0.4551890975693592,0.07285231293593619,0.8739222524908519,0.4401797265261197,0.5017924041068172,0.6836161430785826,0.38280870867938455,0.6006376998688581,0.295673365995877,0.872935044976415,0.9463126301116436,BAD,0.7086596470001737,0.6935028486715417,0.014077869921001462,0.17716395007468377,0.28489144087928187,0.01231886663309767,0.8695673678595616,0.7467300900224192,0.6019738268163838
2,0.46651683883439954,0.97158977178093,0.18235167598981672,0.03725883199652802,0.28135237382303757,0.34625173577351054,0.19192271794153792,0.1332552402403041,0.20796559480147925,0.5956767178125606,0.9371550203480588,BAD,0.38247107620280874,0.9160546601313851,0.7912357664755089,0.6829707440290947,0.3198625368013416,0.47355209854965563,0.7535839650061884,0.014534246941713902,0.8482973066205712
